<?xml version="1.0" encoding="UTF-8"?>
<project-private xmlns="http://www.netbeans.org/ns/project-private/1">
    <editor-bookmarks xmlns="http://www.netbeans.org/ns/editor-bookmarks/2" lastBookmarkId="0"/>
    <open-files xmlns="http://www.netbeans.org/ns/projectui-open-files/2">
        <group>
            <file>file:/C:/Users/Alfredo/Documents/NetBeansProjects/SpendReport/src/spendreport/Main.java</file>
            <file>file:/C:/Users/Alfredo/Documents/NetBeansProjects/SpendReport/src/spendreport/DatePanel.java</file>
            <file>file:/C:/Users/Alfredo/Documents/NetBeansProjects/SpendReport/src/spendreport/Client.java</file>
            <file>file:/C:/Users/Alfredo/Documents/NetBeansProjects/SpendReport/src/spendreport/DaysCalculator.java</file>
            <file>file:/C:/Users/Alfredo/Documents/NetBeansProjects/SpendReport/src/spendreport/CustomTableModel.java</file>
            <file>file:/C:/Users/Alfredo/Documents/NetBeansProjects/SpendReport/src/spendreport/GoogleApi.java</file>
            <file>file:/C:/Users/Alfredo/Documents/NetBeansProjects/SpendReport/src/spendreport/SpendReport.java</file>
            <file>file:/C:/Users/Alfredo/Documents/NetBeansProjects/SpendReport/src/spendreport/ButtonPanel.java</file>
            <file>file:/C:/Users/Alfredo/Documents/NetBeansProjects/SpendReport/src/spendreport/RandomNumberGen.java</file>
            <file>file:/C:/Users/Alfredo/Documents/NetBeansProjects/SpendReport/src/spendreport/OneColGrid.java</file>
            <file>file:/C:/Users/Alfredo/Documents/NetBeansProjects/SpendReport/src/spendreport/InterfaceFrame.java</file>
        </group>
    </open-files>
</project-private>
